<?xml version="1.0" encoding="UTF-8"?>  
<configuration debug="false">  
    <property name="LOG_HOME" value="/usr/imslog" />    
   
    <!-- 控制台输出 -->     
    <appender name="STDOUT" class="ch.qos.logback.core.ConsoleAppender">  
        <encoder class="ch.qos.logback.classic.encoder.PatternLayoutEncoder">   
             <!--格式化输出,%d:日期;%thread:线程名;%-5level：级别,从左显示5个字符宽度;%msg:日志消息;%n:换行符-->   
            <pattern>%d{yyyy年MM月dd HH:mm:ss.SSS} [%thread] %-5level %logger{50} - %msg%n</pattern>     
        </encoder>  
    </appender>  
   
    <!-- 按照每天生成日志文件 -->     
    <appender name="FILE"  class="ch.qos.logback.core.rolling.RollingFileAppender">     
        <rollingPolicy class="ch.qos.logback.core.rolling.TimeBasedRollingPolicy">  
            <!--日志文件输出的文件名-->  
            <FileNamePattern>${LOG_HOME}/imslog%d{yyyy-MM-dd}.log</FileNamePattern>   
            <!--日志文件保留天数-->  
            <MaxHistory>90</MaxHistory>  
        </rollingPolicy>     
        <encoder class="ch.qos.logback.classic.encoder.PatternLayoutEncoder">   
            <!--格式化输出,%d:日期;%thread:线程名;%-5level：级别,从左显示5个字符宽度;%msg:日志消息;%n:换行符-->  
            <pattern>%d{yyyy年MM月dd HH:mm:ss.SSS} [%thread] %-5level %logger{50} - %msg%n</pattern>     
        </encoder>   
       <triggeringPolicy class="ch.qos.logback.core.rolling.SizeBasedTriggeringPolicy">  
         <MaxFileSize>10MB</MaxFileSize>  
       </triggeringPolicy>  
    </appender>   
    
    <!-- show parameters for hibernate sql 专为 Hibernate 定制 -->   
    <logger name="org.hibernate.type.descriptor.sql.BasicBinder"  level="TRACE" />    
    <logger name="org.hibernate.type.descriptor.sql.BasicExtractor"  level="DEBUG" />    
    <logger name="org.hibernate.SQL" level="DEBUG" />    
    <logger name="org.hibernate.engine.QueryParameters" level="DEBUG" />  
    <logger name="org.hibernate.engine.query.HQLQueryPlan" level="DEBUG" />    
      
    <!--myibatis log configure-->   
    <logger name="com.apache.ibatis" level="TRACE"/>  
    <logger name="java.sql.Connection" level="DEBUG"/>  
    <logger name="java.sql.Statement" level="DEBUG"/>  
    <logger name="java.sql.PreparedStatement" level="DEBUG"/>  
      
    <!-- 日志输出级别 -->  
    <root level="WARN">  
        <appender-ref ref="STDOUT" />  
        <appender-ref ref="FILE" />  
    </root>   
</configuration>  
